﻿<?xml version="1.0" encoding="utf-8"?>
<GridFrameworkSettings>
  <showGrids>1</showGrids>
  <isEnabled>1</isEnabled>
  <snapToGrid>1</snapToGrid>
  <gridColor r="0.8" g="0.8" b="0.8" a="1" />
  <gridSize>1</gridSize>
  <gridCount>50</gridCount>
  <gridYPos>0</gridYPos>
  <gridShiftX>0</gridShiftX>
  <gridShiftZ>0</gridShiftZ>
  <prefabCount>2</prefabCount>
  <prefab name="1x1" prefabLocation="Assets/Prefabs/mazePrefabs/1x1MazeWall.prefab" rotX="0" rotY="0" rotZ="0" shiftX="0" shiftY="1" shiftZ="0" />
  <prefab name="unnamed" prefabLocation="Assets/Prefabs/Door.prefab" rotX="0" rotY="0" rotZ="0" shiftX="0" shiftY="0" shiftZ="0" />
</GridFrameworkSettings>